日付,予約件数,予約人数,来客数,総杯数,売上合計(円),ペールエール(本),ペールエール(円),ラガー(本),ラガー(円),IPA(本),IPA(円),ホワイトビール(本),ホワイトビール(円),黒ビール(本),黒ビール(円),フルーツビール(本),フルーツビール(円),weekday,month,time,temperature_2m_max,temperature_2m_min,precipitation_sum,apparent_temperature_max,apparent_temperature_min,relative_humidity_2m_max,relative_humidity_2m_min
2024-04-01,,,21,33,31800.0,10.0,10000.0,10.0,8000.0,5.0,4500.0,5.0,4500.0,4.0,4800.0,,,Monday,April,2024-04-01,17.0,10.5,4.5,16.5,7.9,86,57
2024-04-02,,,13,25,23300.0,8.0,8000.0,7.0,5600.0,3.0,2700.0,4.0,3600.0,2.0,2400.0,1.0,1000.0,Tuesday,April,2024-04-02,17.6,6.2,0.0,15.0,1.2,88,39
2024-04-03,,,20,36,33600.0,7.0,7000.0,8.0,6400.0,6.0,5400.0,6.0,5400.0,2.0,2400.0,7.0,7000.0,Wednesday,April,2024-04-03,15.8,8.9,13.6,14.9,7.4,98,72
2024-04-04,,,17,27,24600.0,6.0,6000.0,9.0,7200.0,4.0,3600.0,4.0,3600.0,1.0,1200.0,3.0,3000.0,Thursday,April,2024-04-04,17.6,11.2,7.6,17.0,7.5,98,63
2024-04-05,2,5,29,61,56500.0,15.0,15000.0,18.0,14400.0,9.0,8100.0,8.0,7200.0,4.0,4800.0,7.0,7000.0,Friday,April,2024-04-05,12.3,9.3,3.9,9.3,6.0,89,59
2024-04-06,,,2,4,3700.0,1.0,1000.0,1.0,800.0,1.0,900.0,,,,,1.0,1000.0,Saturday,April,2024-04-06,16.2,8.3,0.0,15.0,5.0,95,73
2024-04-08,,,15,21,19900.0,5.0,5000.0,5.0,4000.0,2.0,1800.0,3.0,2700.0,2.0,2400.0,4.0,4000.0,Monday,April,2024-04-08,21.7,12.4,0.0,22.9,12.1,100,66
2024-04-09,,,4,9,8500.0,2.0,2000.0,2.0,1600.0,2.0,1800.0,1.0,900.0,1.0,1200.0,1.0,1000.0,Tuesday,April,2024-04-09,20.0,8.9,47.4,17.7,0.1,100,56
2024-04-10,,,8,14,13000.0,4.0,4000.0,4.0,3200.0,2.0,1800.0,2.0,1800.0,1.0,1200.0,1.0,1000.0,Wednesday,April,2024-04-10,15.1,5.1,0.0,12.9,-1.5,85,38
2024-04-11,,,17,30,27900.0,7.0,7000.0,7.0,5600.0,5.0,4500.0,4.0,3600.0,1.0,1200.0,6.0,6000.0,Thursday,April,2024-04-11,18.2,5.0,0.0,16.4,2.1,94,44
2024-04-12,1,2,18,37,34300.0,11.0,11000.0,13.0,10400.0,7.0,6300.0,6.0,5400.0,1.0,1200.0,,,Friday,April,2024-04-12,17.6,9.6,1.4,15.6,7.3,93,59
2024-04-13,,,2,2,1800.0,1.0,1000.0,1.0,800.0,,,,,,,,,Saturday,April,2024-04-13,20.7,9.6,0.0,19.6,7.5,95,52
2024-04-15,,,3,7,7500.0,2.0,2000.0,1.0,800.0,2.0,1800.0,1.0,900.0,,,2.0,2000.0,Monday,April,2024-04-15,24.0,11.1,0.0,23.7,9.9,94,44
2024-04-16,,,20,34,31500.0,9.0,9000.0,10.0,8000.0,4.0,3600.0,5.0,4500.0,2.0,2400.0,4.0,4000.0,Tuesday,April,2024-04-16,21.3,14.3,0.0,17.6,11.8,90,50
2024-04-17,,,2,3,2700.0,1.0,1000.0,1.0,800.0,1.0,900.0,,,,,,,Wednesday,April,2024-04-17,22.4,15.0,1.7,23.9,13.0,89,63
2024-04-18,,,2,4,3600.0,1.0,1000.0,1.0,800.0,1.0,900.0,1.0,900.0,,,,,Thursday,April,2024-04-18,20.8,12.9,3.0,19.1,11.6,92,51
2024-04-19,,,20,47,44200.0,11.0,11000.0,12.0,9600.0,5.0,4500.0,9.0,8100.0,5.0,6000.0,5.0,5000.0,Friday,April,2024-04-19,21.4,12.8,0.4,15.2,6.4,90,32
2024-04-20,,,12,26,23600.0,8.0,8000.0,9.0,7200.0,4.0,3600.0,4.0,3600.0,1.0,1200.0,,,Saturday,April,2024-04-20,23.9,10.4,0.3,24.6,7.6,82,34
2024-04-22,,,10,19,18000.0,4.0,4000.0,4.0,3200.0,4.0,3600.0,2.0,1800.0,2.0,2400.0,3.0,3000.0,Monday,April,2024-04-22,19.2,14.4,13.4,18.1,13.5,93,66
2024-04-23,2,6,15,29,27200.0,9.0,9000.0,7.0,5600.0,5.0,4500.0,3.0,2700.0,2.0,2400.0,3.0,3000.0,Tuesday,April,2024-04-23,19.5,13.4,0.2,18.5,12.7,96,62
2024-04-24,,,17,29,28600.0,12.0,12000.0,8.0,6400.0,4.0,3600.0,2.0,1800.0,4.0,4800.0,,,Wednesday,April,2024-04-24,16.5,14.2,12.0,14.7,11.8,94,79
2024-04-25,,,1,1,100.0,,,,,,,,,,,1.0,1000.0,Thursday,April,2024-04-25,23.7,13.3,0.6,25.9,11.3,91,59
2024-04-26,,,6,11,,2.0,2000.0,3.0,2400.0,2.0,1800.0,1.0,900.0,2.0,2400.0,1.0,1000.0,Friday,April,2024-04-26,25.2,12.2,0.0,26.8,10.5,92,57
2024-04-27,1,4,11,24,22200.0,6.0,6000.0,7.0,5600.0,4.0,3600.0,4.0,3600.0,2.0,2400.0,1.0,1000.0,Saturday,April,2024-04-27,22.3,16.6,0.8,22.6,17.7,96,59
2024-04-29,,,2,4,3700.0,1.0,1000.0,1.0,800.0,1.0,900.0,,,,,1.0,1000.0,Monday,April,2024-04-29,24.7,15.5,0.0,24.6,15.8,97,56
2024-04-30,,,13,24,22500.0,6.0,6000.0,6.0,4800.0,4.0,3600.0,3.0,2700.0,2.0,2400.0,3.0,3000.0,Tuesday,April,2024-04-30,24.5,17.2,0.8,26.4,17.4,93,65
2024-05-01,,,11,14,14200.0,5.0,5000.0,4.0,3200.0,2.0,1800.0,2.0,1800.0,2.0,2400.0,,,Wednesday,May,2024-05-01,19.8,12.5,37.3,22.5,9.5,97,77
2024-05-02,,,21,52,49100.0,13.0,13000.0,13.0,10400.0,7.0,6300.0,6.0,5400.0,5.0,6000.0,8.0,8000.0,Thursday,May,2024-05-02,19.7,11.2,6.8,17.2,7.5,86,41
2024-05-03,,,11,19,17700.0,6.0,6000.0,5.0,4000.0,3.0,2700.0,2.0,1800.0,1.0,1200.0,2.0,2000.0,Friday,May,2024-05-03,21.8,9.2,0.0,21.2,7.3,95,52
2024-05-04,,,8,16,15200.0,6.0,6000.0,4.0,3200.0,2.0,1800.0,2.0,1800.0,2.0,2400.0,,,Saturday,May,2024-05-04,26.3,12.4,0.0,26.2,11.1,94,29
2024-05-06,,,15,28,26200.0,11.0,11000.0,7.0,5600.0,4.0,3600.0,4.0,3600.0,2.0,2400.0,,,Monday,May,2024-05-06,22.1,17.3,0.0,18.0,13.7,82,60
2024-05-07,,,4,6,5400.0,2.0,2000.0,2.0,1600.0,1.0,900.0,1.0,900.0,,,,,Tuesday,May,2024-05-07,21.5,18.6,15.6,19.8,16.1,91,77
2024-05-08,,,13,25,23900.0,7.0,7000.0,6.0,4800.0,3.0,2700.0,2.0,1800.0,3.0,3600.0,4.0,4000.0,Wednesday,May,2024-05-08,23.2,12.7,19.9,24.2,10.4,88,61
2024-05-09,,,17,24,21900.0,7.0,7000.0,7.0,5600.0,5.0,4500.0,4.0,3600.0,1.0,1200.0,,,Thursday,May,2024-05-09,17.3,10.5,1.7,14.2,6.3,87,52
2024-05-10,,,23,54,49200.0,12.0,12000.0,17.0,13600.0,10.0,9000.0,8.0,7200.0,2.0,2400.0,5.0,5000.0,Friday,May,2024-05-10,22.0,6.4,0.0,18.8,3.4,83,33
2024-05-11,,,16,36,33400.0,11.0,11000.0,11.0,8800.0,5.0,4500.0,5.0,4500.0,3.0,3600.0,1.0,1000.0,Saturday,May,2024-05-11,23.8,10.7,0.0,20.2,9.8,98,45
2024-05-13,,,17,31,29000.0,8.0,8000.0,12.0,9600.0,5.0,4500.0,5.0,4500.0,2.0,2400.0,,,Monday,May,2024-05-13,22.2,16.0,46.3,22.0,14.3,94,76
2024-05-14,,,2,4,3700.0,1.0,1000.0,1.0,800.0,1.0,900.0,,,,,1.0,1000.0,Tuesday,May,2024-05-14,20.5,13.6,0.1,19.0,12.6,93,48
2024-05-15,,,2,3,2800.0,1.0,1000.0,1.0,800.0,,,,,,,1.0,1000.0,Wednesday,May,2024-05-15,23.9,12.2,1.9,25.2,11.4,95,60
2024-05-16,,,3,5,4400.0,1.0,1000.0,2.0,1600.0,1.0,900.0,1.0,900.0,,,,,Thursday,May,2024-05-16,24.2,15.2,5.1,22.2,9.2,90,44
2024-05-17,,,7,16,15200.0,4.0,4000.0,4.0,3200.0,2.0,1800.0,2.0,1800.0,2.0,2400.0,2.0,2000.0,Friday,May,2024-05-17,24.6,11.1,0.0,25.0,9.7,85,34
2024-05-18,,,9,15,13800.0,5.0,5000.0,5.0,4000.0,2.0,1800.0,2.0,1800.0,1.0,1200.0,,,Saturday,May,2024-05-18,26.4,13.3,0.0,27.4,10.6,93,42
2024-05-20,,,2,3,2700.0,1.0,1000.0,1.0,800.0,0.0,,1.0,900.0,,,,,Monday,May,2024-05-20,23.3,14.9,31.5,25.4,14.3,96,65
2024-05-21,,,15,19,17200.0,4.0,4000.0,6.0,4800.0,4.0,3600.0,4.0,3600.0,1.0,1200.0,,,Tuesday,May,2024-05-21,27.2,15.6,9.2,30.0,16.2,96,49
2024-05-22,,,11,19,18700.0,7.0,7000.0,6.0,4800.0,3.0,2700.0,2.0,1800.0,2.0,2400.0,,,Wednesday,May,2024-05-22,23.7,16.8,0.0,24.8,14.8,88,51
2024-05-23,,,1,1,1000.0,,,,,,,,,,,1.0,1000.0,Thursday,May,2024-05-23,24.1,16.7,0.0,24.1,16.9,94,64
2024-05-24,,,2,4,3700.0,1.0,1000.0,1.0,800.0,1.0,900.0,,,,,1.0,1000.0,Friday,May,2024-05-24,27.6,16.4,0.0,30.5,17.2,97,52
2024-05-25,1,2,9,16,14800.0,4.0,4000.0,5.0,4000.0,2.0,1800.0,2.0,1800.0,1.0,1200.0,2.0,2000.0,Saturday,May,2024-05-25,25.0,16.7,0.0,24.9,15.6,81,34
2024-05-27,,,14,25,23300.0,6.0,6000.0,6.0,4800.0,4.0,3600.0,5.0,4500.0,2.0,2400.0,2.0,2000.0,Monday,May,2024-05-27,24.6,18.9,0.7,22.5,17.2,93,68
2024-05-28,,,22,27,25000.0,7.0,7000.0,7.0,6300.0,4.0,3600.0,4.0,3600.0,1.0,1200.0,4.0,4000.0,Tuesday,May,2024-05-28,25.9,21.6,20.1,26.9,18.5,95,79
2024-05-29,,,2,4,3700.0,1.0,1000.0,1.0,800.0,1.0,900.0,,,,,1.0,1000.0,Wednesday,May,2024-05-29,25.0,18.1,13.0,23.9,14.0,90,46
2024-05-30,,,15,24,22600.0,7.0,7000.0,7.0,5600.0,3.0,2700.0,3.0,2700.0,3.0,3600.0,1.0,1000.0,Thursday,May,2024-05-30,26.5,16.8,2.4,27.9,17.7,93,52
2024-05-31,,,31,80,79300.0,25.0,25000.0,27.0,21600.0,15.0,13500.0,12.0,10800.0,7.0,8400.0,,,Friday,May,2024-05-31,20.0,16.4,34.7,21.7,15.3,91,76
2024-06-01,,,3,6,5400.0,2.0,2000.0,2.0,1600.0,1.0,900.0,1.0,900.0,,,,,Saturday,June,2024-06-01,24.7,17.2,1.3,26.3,17.1,96,55
2024-06-03,,,15,20,18500.0,6.0,6000.0,6.0,4800.0,3.0,2700.0,2.0,1800.0,1.0,1200.0,2.0,2000.0,Monday,June,2024-06-03,23.6,15.6,13.3,25.7,14.6,95,62
2024-06-04,,,1,2,1800.0,1.0,1000.0,1.0,800.0,,,,,,,,,Tuesday,June,2024-06-04,23.5,15.2,0.9,24.1,14.5,95,57
2024-06-05,,,17,30,27900.0,8.0,8000.0,8.0,6400.0,4.0,3600.0,5.0,4500.0,2.0,2400.0,3.0,3000.0,Wednesday,June,2024-06-05,25.5,14.8,0.0,26.8,14.4,97,46
2024-06-06,,,6,10,9400.0,2.0,2000.0,3.0,2400.0,1.0,900.0,1.0,900.0,1.0,1200.0,2.0,2000.0,Thursday,June,2024-06-06,24.9,16.9,0.7,26.2,17.6,95,58
2024-06-07,1,4,27,62,58700.0,21.0,21000.0,19.0,15200.0,10.0,9000.0,11.0,9900.0,3.0,3600.0,,,Friday,June,2024-06-07,25.0,17.9,0.4,25.5,19.4,93,51
2024-06-08,,,2,4,3700.0,1.0,1000.0,1.0,800.0,1.0,900.0,,,,,1.0,1000.0,Saturday,June,2024-06-08,26.6,15.3,0.0,26.7,16.1,99,32
2024-06-10,,,14,17,16200.0,4.0,4000.0,7.0,5600.0,3.0,2700.0,3.0,2700.0,1.0,1200.0,,,Monday,June,2024-06-10,24.5,18.9,12.6,25.9,19.8,94,60
2024-06-11,,,16,24,22100.0,6.0,6000.0,8.0,6400.0,4.0,3600.0,3.0,2700.0,2.0,2400.0,1.0,1000.0,Tuesday,June,2024-06-11,27.0,18.7,0.0,28.6,19.9,92,59
2024-06-12,,,3,6,5400.0,2.0,2000.0,2.0,1600.0,1.0,900.0,1.0,900.0,,,,,Wednesday,June,2024-06-12,28.0,18.1,0.0,29.4,19.8,98,52
2024-06-13,,,19,30,27700.0,9.0,9000.0,9.0,7200.0,5.0,4500.0,4.0,3600.0,2.0,2400.0,1.0,1000.0,Thursday,June,2024-06-13,24.2,19.2,0.1,25.9,21.1,98,65
2024-06-14,,,26,63,58200.0,20.0,20000.0,19.0,15200.0,8.0,7200.0,8.0,7200.0,3.0,3600.0,5.0,5000.0,Friday,June,2024-06-14,29.9,18.6,0.0,33.6,20.2,94,45
2024-06-15,,,1,2,1800.0,1.0,1000.0,1.0,800.0,,,,,,,,,Saturday,June,2024-06-15,28.6,19.1,0.6,29.9,22.0,100,46
2024-06-17,,,2,4,3700.0,1.0,1000.0,1.0,800.0,1.0,900.0,,,,,1.0,1000.0,Monday,June,2024-06-17,29.6,21.7,3.8,32.2,24.1,95,54
2024-06-18,,,4,5,4400.0,1.0,1000.0,2.0,1600.0,1.0,900.0,1.0,900.0,,,,,Tuesday,June,2024-06-18,22.5,18.1,95.5,26.3,19.1,94,84
2024-06-19,,,13,22,20300.0,6.0,6000.0,6.0,4800.0,4.0,3600.0,3.0,2700.0,1.0,1200.0,2.0,2000.0,Wednesday,June,2024-06-19,28.4,15.7,0.0,31.1,16.1,97,46
2024-06-20,,,13,23,21100.0,6.0,6000.0,7.0,5600.0,4.0,3600.0,3.0,2700.0,1.0,1200.0,2.0,2000.0,Thursday,June,2024-06-20,27.8,18.1,0.0,30.8,19.7,97,57
2024-06-21,,,15,37,34200.0,9.0,9000.0,100.0,8000.0,7.0,6300.0,5.0,4500.0,2.0,2400.0,4.0,4000.0,Friday,June,2024-06-21,22.6,18.3,36.9,24.3,16.6,91,79
2024-06-22,,,14,27,25300.0,8.0,8000.0,7.0,5600.0,3.0,2700.0,4.0,3600.0,2.0,2400.0,3.0,3000.0,Saturday,June,2024-06-22,27.8,15.5,0.0,29.1,15.4,91,48
2024-06-24,,,2,4,3600.0,1.0,1000.0,1.0,800.0,1.0,900.0,1.0,900.0,,,,,Monday,June,2024-06-24,30.9,20.7,0.0,37.1,23.1,96,64
2024-06-25,,,12,15,14500.0,4.0,4000.0,6.0,4800.0,2.0,1800.0,3.0,2700.0,1.0,1200.0,,,Tuesday,June,2024-06-25,30.9,22.8,0.0,35.8,25.0,93,64
2024-06-26,,,19,34,31500.0,10.0,10000.0,9.0,7200.0,6.0,5400.0,5.0,4500.0,2.0,2400.0,2.0,2000.0,Wednesday,June,2024-06-26,30.5,22.6,0.6,33.9,23.8,90,57
2024-06-27,,,19,36,33200.0,7.0,7000.0,12.0,9600.0,5.0,4500.0,5.0,4500.0,3.0,3600.0,4.0,4000.0,Thursday,June,2024-06-27,28.1,21.9,0.1,30.7,23.9,88,56
2024-06-28,,,2,5,4400.0,1.0,1000.0,2.0,1600.0,1.0,900.0,1.0,900.0,,,,,Friday,June,2024-06-28,23.0,21.0,64.0,26.1,23.1,98,86
2024-06-29,,,14,23,21300.0,5.0,5000.0,7.0,5600.0,3.0,2700.0,4.0,3600.0,2.0,2400.0,2.0,2000.0,Saturday,June,2024-06-29,27.9,20.5,0.4,31.7,22.8,96,62
2024-07-01,0,0,100,18,17500.0,6.0,6000.0,5.0,4000.0,3.0,2700.0,4.0,3600.0,1.0,1200.0,,,Monday,July,2024-07-01,28.0,24.6,6.7,34.2,22.9,96,81
2024-07-02,0,0,14,21,20200.0,6.0,6000.0,8.0,6400.0,3.0,2700.0,3.0,2700.0,2.0,2400.0,,,Tuesday,July,2024-07-02,31.2,23.2,4.9,36.8,27.2,98,56
2024-07-03,,,1,2,1800.0,,,1.0,800.0,,,,,,,1.0,1000.0,Wednesday,July,2024-07-03,31.3,22.7,1.1,36.7,25.8,96,62
2024-07-04,,,13,22,20800.0,6.0,6000.0,5.0,4000.0,3.0,2700.0,3.0,2700.0,2.0,2400.0,3.0,3000.0,Thursday,July,2024-07-04,33.1,23.4,0.0,39.5,27.6,96,59
2024-07-05,,,16,38,36400.0,12.0,12000.0,14.0,11200.0,6.0,5400.0,6.0,5400.0,2.0,2400.0,,,Friday,July,2024-07-05,33.5,24.3,0.0,40.4,27.5,93,59
2024-07-06,,,25,47,46500.0,14.0,14000.0,17.0,13600.0,9.0,8100.0,8.0,7200.0,3.0,3600.0,,,Saturday,July,2024-07-06,33.5,24.3,1.1,40.2,29.2,98,58
2024-07-08,,,2,4,3700.0,1.0,1000.0,1.0,800.0,1.0,900.0,,,,,1.0,1000.0,Monday,July,2024-07-08,35.1,25.0,0.0,41.7,30.5,95,54
2024-07-09,,,2,4,3600.0,1.0,1000.0,1.0,800.0,1.0,900.0,1.0,900.0,,,,,Tuesday,July,2024-07-09,33.5,24.9,0.0,36.6,30.0,94,57
2024-07-10,,,4,6,5400.0,1.0,1000.0,2.0,1600.0,1.0,900.0,1.0,900.0,,,1.0,1000.0,Wednesday,July,2024-07-10,32.3,24.7,1.9,37.6,27.0,91,57
2024-07-11,,,2,4,3700.0,1.0,1000.0,1.0,800.0,1.0,900.0,,,,,1.0,1000.0,Thursday,July,2024-07-11,29.4,24.7,0.9,33.7,25.2,89,66
2024-07-12,,,31,67,62600.0,17.0,17000.0,10.0,8000.0,11.0,9900.0,9.0,8100.0,6.0,7200.0,14.0,14000.0,Friday,July,2024-07-12,25.6,22.4,17.6,30.1,24.4,98,83
2024-07-13,,,16,38,35100.0,13.0,13000.0,10.0,8000.0,6.0,5400.0,5.0,4500.0,1.0,1200.0,3.0,3000.0,Saturday,July,2024-07-13,30.2,21.3,3.7,33.7,24.3,95,59
2024-07-15,,,2,4,3700.0,1.0,1000.0,1.0,800.0,1.0,900.0,,,,,1.0,1000.0,Monday,July,2024-07-15,26.8,22.3,0.4,30.7,24.8,100,77
2024-07-16,,,4,6,5400.0,2.0,2000.0,2.0,1600.0,1.0,900.0,1.0,900.0,,,,,Tuesday,July,2024-07-16,26.3,21.1,19.8,29.5,24.2,96,80
2024-07-17,,,20,37,34500.0,10.0,10000.0,10.0,8000.0,5.0,4500.0,6.0,5400.0,3.0,3600.0,3.0,3000.0,Wednesday,July,2024-07-17,30.0,21.9,6.1,34.3,24.8,98,62
2024-07-18,,,4,6,5400.0,2.0,2000.0,2.0,1600.0,1.0,900.0,1.0,900.0,,,,,Thursday,July,2024-07-18,30.9,23.0,0.0,36.9,27.4,100,65
2024-07-19,,,5,9,8200.0,2.0,2000.0,3.0,2400.0,1.0,900.0,1.0,900.0,,,2.0,2000.0,Friday,July,2024-07-19,32.3,23.9,0.0,37.9,29.1,100,63
2024-07-20,,,3,5,4400.0,1.0,1000.0,2.0,1600.0,1.0,900.0,1.0,900.0,,,,,Saturday,July,2024-07-20,35.0,25.6,13.9,43.2,30.4,94,59
2024-07-22,,,1,2,1800.0,1.0,1000.0,1.0,800.0,,,,,,,,,Monday,July,2024-07-22,35.0,25.0,0.1,42.2,30.0,96,53
2024-07-23,,,2,4,3700.0,1.0,1000.0,1.0,800.0,1.0,900.0,,,,,1.0,1000.0,Tuesday,July,2024-07-23,33.2,24.9,0.0,39.5,28.3,89,64
2024-07-24,0,0,15,25,23200.0,6.0,6000.0,8.0,6400.0,3.0,2700.0,3.0,2700.0,2.0,2400.0,3.0,3000.0,Wednesday,July,2024-07-24,34.7,25.4,0.0,40.9,28.7,93,55
2024-07-25,0,0,16,26,23600.0,6.0,6000.0,8.0,6400.0,6.0,5400.0,4.0,3600.0,1.0,1200.0,1.0,1000.0,Thursday,July,2024-07-25,33.9,26.7,0.2,39.9,31.1,96,54
2024-07-26,0,0,7,15,13600.0,4.0,4000.0,6.0,4800.0,2.0,1800.0,2.0,1800.0,1.0,1200.0,,,Friday,July,2024-07-26,34.9,25.7,1.1,40.0,30.3,90,49
2024-07-27,0,0,1,2,1800.0,1.0,1000.0,1.0,800.0,,,,,,,,,Saturday,July,2024-07-27,35.5,26.0,0.2,41.0,31.7,91,51
2024-07-29,0,0,16,32,29500.0,10.0,10000.0,10.0,8000.0,4.0,3600.0,5.0,4500.0,2.0,2400.0,1.0,1000.0,Monday,July,2024-07-29,38.1,28.0,0.0,41.7,30.8,77,38
2024-07-30,0,0,15,26,23700.0,7.0,7000.0,8.0,6400.0,5.0,4500.0,4.0,3600.0,1.0,1200.0,1.0,1000.0,Tuesday,July,2024-07-30,38.6,27.8,2.6,41.5,29.9,81,34
2024-07-31,0,0,3,5,4400.0,1.0,1000.0,2.0,1600.0,1.0,900.0,1.0,900.0,,,,,Wednesday,July,2024-07-31,36.2,26.9,0.9,39.5,30.9,86,40
2024-08-01,,,3,5,4400.0,1.0,1000.0,2.0,1600.0,1.0,900.0,1.0,900.0,,,,,Thursday,August,2024-08-01,34.6,24.9,0.0,37.0,28.9,89,40
2024-08-02,,,19,43,42100.0,12.0,12000.0,17.0,13600.0,8.0,7200.0,5.0,4500.0,4.0,4800.0,,,Friday,August,2024-08-02,35.8,24.6,0.0,38.5,28.7,87,37
2024-08-03,,,1,2,1800.0,1.0,1000.0,1.0,800.0,,,,,,,,,Saturday,August,2024-08-03,36.4,25.1,0.0,39.2,29.7,86,40
2024-08-05,,,4,6,5400.0,1.0,1000.0,2.0,1600.0,1.0,900.0,1.0,900.0,,,1.0,1000.0,Monday,August,2024-08-05,36.9,26.7,2.0,40.0,31.7,83,40
2024-08-06,,,16,24,22400.0,7.0,7000.0,6.0,4800.0,3.0,2700.0,3.0,2700.0,1.0,1200.0,4.0,4000.0,Tuesday,August,2024-08-06,34.8,26.6,2.2,39.1,31.2,85,49
2024-08-07,,,2,3,2800.0,1.0,1000.0,1.0,800.0,,,,,,,1.0,1000.0,Wednesday,August,2024-08-07,32.4,24.9,18.1,38.3,29.7,95,59
2024-08-08,,,24,45,40800.0,12.0,12000.0,17.0,13600.0,5.0,4500.0,7.0,6300.0,2.0,2400.0,2.0,2000.0,Thursday,August,2024-08-08,32.3,24.5,2.2,38.1,29.1,94,59
2024-08-09,1,2,16,40,36600.0,11.0,11000.0,14.0,11200.0,7.0,6300.0,5.0,4500.0,3.0,3600.0,,,Friday,August,2024-08-09,33.5,24.7,3.5,38.2,28.4,94,56
2024-08-10,,,7,12,11000.0,3.0,3000.0,4.0,3200.0,2.0,1800.0,2.0,1800.0,1.0,1200.0,,,Saturday,August,2024-08-10,33.9,25.0,1.8,37.4,27.5,91,52
2024-08-12,,,2,3,2700.0,1.0,1000.0,1.0,800.0,,,1.0,900.0,,,,,Monday,August,2024-08-12,36.2,26.9,0.0,40.7,31.7,90,47
2024-08-13,,,14,26,23500.0,7.0,7000.0,10.0,8000.0,4.0,3600.0,3.0,2700.0,1.0,1200.0,1.0,1000.0,Tuesday,August,2024-08-13,37.0,26.9,0.0,41.8,32.4,89,41
2024-08-14,,,14,28,25400.0,6.0,6000.0,9.0,7200.0,5.0,4500.0,5.0,4500.0,1.0,1200.0,2.0,2000.0,Wednesday,August,2024-08-14,36.4,26.5,0.5,42.3,31.5,90,43
2024-08-15,,,18,34,31200.0,9.0,9000.0,11.0,8800.0,5.0,4500.0,5.0,4500.0,2.0,2400.0,2.0,2000.0,Thursday,August,2024-08-15,36.6,25.3,1.4,40.7,29.3,92,40
2024-08-16,,,18,46,42800.0,10.0,10000.0,12.0,9600.0,6.0,5400.0,10.0,9000.0,2.0,2400.0,6.0,6000.0,Friday,August,2024-08-16,27.9,24.7,57.3,30.0,25.2,95,82
2024-08-17,,,10,18,16500.0,6.0,6000.0,6.0,4800.0,2.0,1800.0,3.0,2700.0,1.0,1200.0,,,Saturday,August,2024-08-17,34.6,25.4,0.2,40.6,27.5,94,53
2024-08-19,,,13,22,20600.0,8.0,8000.0,6.0,4800.0,3.0,2700.0,3.0,2700.0,2.0,2400.0,,,Monday,August,2024-08-19,32.7,25.2,5.3,39.7,29.8,98,63
2024-08-20,,,13,24,22800.0,7.0,7000.0,6.0,4800.0,3.0,2700.0,3.0,2700.0,3.0,3600.0,2.0,2000.0,Tuesday,August,2024-08-20,33.3,25.1,2.4,37.7,28.1,92,45
2024-08-21,,,14,19,17500.0,5.0,5000.0,5.0,4000.0,3.0,2700.0,4.0,3600.0,1.0,1200.0,1.0,1000.0,Wednesday,August,2024-08-21,31.8,24.5,1.4,38.3,29.6,96,65
2024-08-22,,,11,17,15700.0,5.0,5000.0,5.0,4000.0,3.0,2700.0,2.0,1800.0,1.0,1200.0,1.0,1000.0,Thursday,August,2024-08-22,30.4,25.3,1.4,33.6,30.5,94,69
2024-08-23,,,22,55,49600.0,12.0,12000.0,21.0,16800.0,8.0,7200.0,10.0,9000.0,3.0,3600.0,1.0,1000.0,Friday,August,2024-08-23,31.7,26.3,0.6,35.6,29.4,89,66
2024-08-24,,,3,5,4400.0,1.0,1000.0,2.0,1600.0,1.0,900.0,1.0,900.0,,,,,Saturday,August,2024-08-24,32.8,25.6,6.5,40.1,30.2,94,65
2024-08-26,,,12,20,18500.0,5.0,5000.0,7.0,5600.0,3.0,2700.0,2.0,1800.0,2.0,2400.0,1.0,1000.0,Monday,August,2024-08-26,32.1,25.8,0.1,34.8,29.4,88,54
2024-08-27,,,3,5,4400.0,1.0,1000.0,2.0,1600.0,1.0,900.0,1.0,900.0,,,,,Tuesday,August,2024-08-27,31.3,24.8,0.9,32.7,27.5,91,61
2024-08-28,1,2,18,33,32300.0,8.0,8000.0,12.0,9600.0,5.0,4500.0,6.0,5400.0,4.0,4800.0,,,Wednesday,August,2024-08-28,30.3,25.4,0.3,33.3,29.0,89,65
2024-08-29,,,12,21,19000.0,6.0,6000.0,8.0,6400.0,3.0,2700.0,3.0,2700.0,1.0,1200.0,,,Thursday,August,2024-08-29,30.3,24.4,31.6,34.1,27.9,97,64
2024-08-30,,,1,2,1800.0,1.0,1000.0,1.0,800.0,,,,,,,,,Friday,August,2024-08-30,27.6,25.6,36.3,31.1,27.4,93,83
2024-08-31,,,4,8,7200.0,2.0,2000.0,3.0,2400.0,1.0,900.0,1.0,900.0,,,1.0,1000.0,Saturday,August,2024-08-31,29.9,25.2,14.4,32.7,26.8,92,75
2024-09-02,,,12,17,16200.0,4.0,4000.0,4.0,3200.0,2.0,1800.0,2.0,1800.0,2.0,2400.0,3.0,3000.0,Monday,September,2024-09-02,31.2,25.8,0.0,33.6,27.9,92,66
2024-09-03,,,23,31,28700.0,7.0,7000.0,9.0,7200.0,4.0,3600.0,5.0,4500.0,2.0,2400.0,4.0,4000.0,Tuesday,September,2024-09-03,26.5,22.4,32.2,29.4,24.4,94,78
2024-09-04,,,13,18,16800.0,5.0,5000.0,5.0,4000.0,2.0,1800.0,2.0,1800.0,1.0,1200.0,3.0,3000.0,Wednesday,September,2024-09-04,27.9,21.8,2.0,29.9,23.6,92,64
2024-09-05,,,15,23,21800.0,6.0,6000.0,5.0,4000.0,3.0,2700.0,3.0,2700.0,2.0,2400.0,4.0,4000.0,Thursday,September,2024-09-05,29.6,21.7,0.0,32.8,23.5,92,61
2024-09-06,1,3,25,52,49900.0,19.0,19000.0,15.0,12000.0,8.0,7200.0,5.0,4500.0,6.0,7200.0,,,Friday,September,2024-09-06,31.5,22.9,0.0,37.6,26.9,100,60
2024-09-07,,,15,33,30200.0,7.0,7000.0,11.0,8800.0,3.0,2700.0,5.0,4500.0,1.0,1200.0,6.0,6000.0,Saturday,September,2024-09-07,31.2,23.8,0.1,37.3,28.5,100,60
2024-09-09,,,16,20,18800.0,6.0,6000.0,6.0,4800.0,2.0,1800.0,2.0,1800.0,2.0,2400.0,2.0,2000.0,Monday,September,2024-09-09,31.9,23.1,3.1,36.3,26.2,100,55
2024-09-10,,,15,25,23800.0,7.0,7000.0,6.0,4800.0,4.0,3600.0,2.0,1800.0,3.0,3600.0,3.0,3000.0,Tuesday,September,2024-09-10,31.6,23.0,1.1,36.3,27.2,98,59
2024-09-11,,,14,26,25300.0,6.0,6000.0,5.0,4000.0,3.0,2700.0,2.0,1800.0,4.0,4800.0,6.0,6000.0,Wednesday,September,2024-09-11,32.1,23.9,0.4,38.4,28.5,97,64
2024-09-12,,,13,25,24000.0,9.0,9000.0,5.0,4000.0,3.0,2700.0,3.0,2700.0,3.0,3600.0,2.0,2000.0,Thursday,September,2024-09-12,32.3,24.5,0.1,38.1,29.9,98,62
2024-09-13,,,3,8,7600.0,2.0,2000.0,2.0,1600.0,1.0,900.0,1.0,900.0,1.0,1200.0,1.0,1000.0,Friday,September,2024-09-13,32.3,25.3,0.0,35.8,29.8,91,58
2024-09-14,,,17,35,32200.0,11.0,11000.0,11.0,8800.0,5.0,4500.0,5.0,4500.0,2.0,2400.0,1.0,1000.0,Saturday,September,2024-09-14,33.1,24.8,0.0,36.2,28.4,89,54
2024-09-16,,,11,18,17800.0,6.0,6000.0,5.0,4000.0,4.0,3600.0,2.0,1800.0,2.0,2400.0,,,Monday,September,2024-09-16,30.4,23.3,23.2,32.3,26.0,96,60
2024-09-17,,,2,4,3700.0,1.0,1000.0,1.0,800.0,1.0,900.0,,,,,1.0,1000.0,Tuesday,September,2024-09-17,32.6,22.5,0.0,36.3,25.4,88,54
2024-09-18,,,14,17,16200.0,4.0,4000.0,4.0,3200.0,2.0,1800.0,2.0,1800.0,2.0,2400.0,3.0,3000.0,Wednesday,September,2024-09-18,35.2,25.4,5.3,40.4,30.9,93,50
2024-09-19,,,17,32,29000.0,8.0,8000.0,12.0,9600.0,4.0,3600.0,6.0,5400.0,2.0,2400.0,0.0,0.0,Thursday,September,2024-09-19,32.3,25.2,0.0,37.4,30.9,98,58
2024-09-20,2,5,27,69,64900.0,21.0,21000.0,20.0,16000.0,9.0,8100.0,6.0,5400.0,7.0,8400.0,6.0,6000.0,Friday,September,2024-09-20,33.2,25.2,0.2,38.7,29.6,97,57
2024-09-21,,,9,15,13800.0,4.0,4000.0,5.0,4000.0,2.0,1800.0,2.0,1800.0,1.0,1200.0,1.0,1000.0,Saturday,September,2024-09-21,31.6,23.9,0.0,36.2,26.8,94,64
2024-09-23,,,9,17,16000.0,6.0,6000.0,5.0,4000.0,2.0,1800.0,2.0,1800.0,2.0,2400.0,,,Monday,September,2024-09-23,26.2,18.7,2.8,26.3,17.7,90,53
2024-09-24,,,10,12,11200.0,4.0,4000.0,3.0,2400.0,2.0,1800.0,2.0,1800.0,1.0,1200.0,,,Tuesday,September,2024-09-24,23.9,16.6,0.1,22.5,14.9,86,51
2024-09-25,,,12,15,13300.0,4.0,4000.0,6.0,4800.0,2.0,1800.0,3.0,2700.0,,,,,Wednesday,September,2024-09-25,23.2,15.9,0.0,22.4,13.2,84,58
2024-09-26,,,18,29,27400.0,7.0,7000.0,7.0,5600.0,4.0,3600.0,4.0,3600.0,3.0,3600.0,4.0,4000.0,Thursday,September,2024-09-26,28.0,20.5,0.2,30.4,19.7,95,61
2024-09-27,,,16,31,30000.0,11.0,11000.0,8.0,6400.0,5.0,4500.0,5.0,4500.0,3.0,3600.0,,,Friday,September,2024-09-27,24.8,21.3,17.3,26.8,24.1,99,84
2024-09-28,,,13,23,21600.0,8.0,8000.0,7.0,5600.0,2.0,1800.0,2.0,1800.0,2.0,2400.0,2.0,2000.0,Saturday,September,2024-09-28,27.0,21.6,0.3,29.4,24.2,94,64
2024-09-30,,,2,4,3700.0,1.0,1000.0,1.0,800.0,1.0,900.0,,,,,1.0,1000.0,Monday,September,2024-09-30,25.2,19.2,1.1,25.3,19.5,88,59
2024-09-30,,,2,4,3700.0,1.0,1000.0,1.0,800.0,1.0,900.0,,,,,1.0,1000.0,Monday,September,2024-09-30,25.2,19.2,1.1,25.3,19.5,88,59
2024-10-01,,,2,3.0,2800.0,1.0,1000.0,1.0,800.0,,,,,,,1.0,1000.0,Tuesday,October,2024-10-01,26.9,18.5,0.2,28.1,18.2,89,65
2024-10-02,,,18,30.0,28400.0,8.0,8000.0,8.0,6400.0,4.0,3600.0,4.0,3600.0,4.0,4800.0,2.0,2000.0,Wednesday,October,2024-10-02,31.0,20.1,0.0,33.3,21.3,96,47
2024-10-03,,,2,4.0,3700.0,1.0,1000.0,1.0,800.0,1.0,900.0,,,,,1.0,1000.0,Thursday,October,2024-10-03,26.6,21.8,8.3,27.7,21.7,92,64
2024-10-04,,,30,75.0,71200.0,21.0,21000.0,18.0,14400.0,13.0,11700.0,9.0,8100.0,10.0,12000.0,4.0,4000.0,Friday,October,2024-10-04,28.4,22.1,0.7,28.6,24.6,95,66
2024-10-05,,,1,2.0,2000.0,1.0,1000.0,,,,,,,,,1.0,1000.0,Saturday,October,2024-10-05,22.8,19.5,22.1,25.8,20.5,96,82
2024-10-07,1,2,15,21.0,19600.0,7.0,7000.0,6.0,4800.0,4.0,3600.0,2.0,1800.0,2.0,2400.0,,,Monday,October,2024-10-07,28.3,18.9,0.0,29.1,21.7,100,68
2024-10-08,,,1,2.0,1800.0,1.0,1000.0,1.0,800.0,,,,,,,,,Tuesday,October,2024-10-08,22.0,15.8,15.2,24.8,13.8,96,76
2024-10-09,,,1,1.0,1000.0,,,,,,,,,,,1.0,1000.0,Wednesday,October,2024-10-09,17.6,15.1,31.6,15.3,12.3,91,82
2024-10-10,,,17,22.0,20600.0,7.0,7000.0,6.0,4800.0,3.0,2700.0,3.0,2700.0,2.0,2400.0,1.0,1000.0,Thursday,October,2024-10-10,20.5,14.5,0.5,18.7,11.6,86,67
2024-10-11,,,26,47.0,44400.0,13.0,13000.0,11.0,8800.0,8.0,7200.0,4.0,3600.0,4.0,4800.0,7.0,7000.0,Friday,October,2024-10-11,22.7,12.3,0.0,23.6,10.9,89,58
2024-10-12,,,8,16.0,15200.0,4.0,4000.0,4.0,3200.0,3.0,2700.0,1.0,900.0,2.0,2400.0,2.0,2000.0,Saturday,October,2024-10-12,23.8,14.7,0.0,24.6,14.0,96,55
2024-10-14,,,9,14.0,12800.0,4.0,4000.0,5.0,4000.0,2.0,1800.0,2.0,1800.0,1.0,1200.0,,,Monday,October,2024-10-14,24.3,14.5,0.0,23.8,13.0,90,53
2024-10-15,,,18,32.0,30300.0,9.0,9000.0,8.0,6400.0,4.0,3600.0,3.0,2700.0,3.0,3600.0,5.0,5000.0,Tuesday,October,2024-10-15,25.7,16.1,0.0,25.7,16.0,96,47
2024-10-16,,,2,4.0,3600.0,1.0,1000.0,1.0,800.0,1.0,900.0,1.0,900.0,,,,,Wednesday,October,2024-10-16,25.7,16.0,0.0,27.8,16.4,93,63
2024-10-17,,,2,2.0,1800.0,1.0,1000.0,1.0,800.0,,,,,,,,,Thursday,October,2024-10-17,24.7,19.2,1.6,25.3,20.3,95,67
2024-10-18,,,4,9.0,8500.0,3.0,3000.0,2.0,1600.0,2.0,1800.0,1.0,900.0,1.0,1200.0,,,Friday,October,2024-10-18,24.5,18.9,5.0,26.9,19.6,98,75
2024-10-19,,,1,2.0,1800.0,1.0,1000.0,1.0,800.0,,,,,,,,,Saturday,October,2024-10-19,28.8,20.7,1.2,31.3,17.0,97,62
2024-10-21,,,2,4.0,3700.0,1.0,1000.0,1.0,800.0,1.0,900.0,,,,,1.0,1000.0,Monday,October,2024-10-21,19.4,9.1,0.0,17.1,5.2,82,52
2024-10-22,,,9,18.0,16900.0,5.0,5000.0,5.0,4000.0,3.0,2700.0,2.0,1800.0,2.0,2400.0,1.0,1000.0,Tuesday,October,2024-10-22,23.3,12.7,0.2,24.6,9.9,91,55
2024-10-23,,,16,30.0,28500.0,11.0,11000.0,6.0,4800.0,6.0,5400.0,3.0,2700.0,3.0,3600.0,1.0,1000.0,Wednesday,October,2024-10-23,25.6,16.9,0.8,27.4,17.8,97,76
2024-10-24,,,11,21.0,19800.0,7.0,7000.0,5.0,4000.0,3.0,2700.0,3.0,2700.0,2.0,2400.0,1.0,1000.0,Thursday,October,2024-10-24,26.9,18.9,0.3,28.6,18.4,96,64
2024-10-25,2,4,24,58.0,55200.0,17.0,17000.0,12.0,9600.0,7.0,6300.0,7.0,6300.0,5.0,6000.0,10.0,10000.0,Friday,October,2024-10-25,20.7,17.2,3.7,20.7,16.9,88,71
2024-10-26,,,15,29.0,27400.0,9.0,9000.0,7.0,5600.0,5.0,4500.0,3.0,2700.0,3.0,3600.0,2.0,2000.0,Saturday,October,2024-10-26,21.6,15.3,0.0,22.0,14.6,95,69
2024-10-28,,,20,26.0,24300.0,10.0,10000.0,7.0,5600.0,4.0,3600.0,3.0,2700.0,2.0,2400.0,,,Monday,October,2024-10-28,20.7,17.3,10.1,21.5,16.2,96,67
2024-10-29,,,24,47.0,44700.0,15.0,15000.0,10.0,8000.0,7.0,6300.0,6.0,5400.0,5.0,6000.0,4.0,4000.0,Tuesday,October,2024-10-29,18.0,12.8,28.3,17.0,9.8,90,62
2024-10-30,,,15,21.0,19700.0,6.0,6000.0,6.0,4800.0,2.0,1800.0,3.0,2700.0,2.0,2400.0,2.0,2000.0,Wednesday,October,2024-10-30,22.2,12.9,14.3,21.6,7.8,90,55
2024-10-31,,,18,31.0,29500.0,9.0,9000.0,7.0,5600.0,4.0,3600.0,3.0,2700.0,3.0,3600.0,5.0,5000.0,Thursday,October,2024-10-31,20.0,11.1,0.0,18.9,8.2,84,48
2024-11-01,,,,,,,,,,,,,,,,,,Friday,November,2024-11-01,21.2,10.5,5.9,22.3,9.1,92,67
2024-11-01,,,21,44.0,42200.0,15.0,15000.0,11.0,8800.0,7.0,6300.0,3.0,2700.0,7.0,8400.0,1.0,1000.0,Friday,November,2024-11-01,21.2,10.5,5.9,22.3,9.1,92,67
2024-11-02,,,12,27.0,25500.0,9.0,9000.0,7.0,5600.0,4.0,3600.0,3.0,2700.0,3.0,3600.0,1.0,1000.0,Saturday,November,2024-11-02,17.5,14.6,58.1,17.6,12.0,97,87
2024-11-04,,,3,5.0,4400.0,1.0,1000.0,2.0,1600.0,1.0,900.0,1.0,900.0,,,,,Monday,November,2024-11-04,22.2,9.2,0.0,20.2,7.9,97,57
2024-11-05,,,2,4.0,3900.0,1.0,1000.0,1.0,800.0,1.0,900.0,,,1.0,1200.0,,,Tuesday,November,2024-11-05,19.3,11.4,0.0,17.2,9.6,96,60
2024-11-06,,,2,4.0,3900.0,1.0,1000.0,1.0,800.0,1.0,900.0,,,1.0,1200.0,,,Wednesday,November,2024-11-06,14.8,11.1,1.6,13.1,9.1,90,68
2024-11-07,,,19,32.0,29900.0,7.0,7000.0,9.0,7200.0,5.0,4500.0,4.0,3600.0,3.0,3600.0,4.0,4000.0,Thursday,November,2024-11-07,15.0,8.3,0.0,8.6,2.5,93,46
2024-11-08,2,8,15,38.0,37100.0,9.0,9000.0,7.0,5600.0,7.0,6300.0,4.0,3600.0,8.0,9600.0,3.0,3000.0,Friday,November,2024-11-08,14.6,6.2,0.0,12.6,1.3,87,48
2024-11-09,,,10,18.0,16800.0,6.0,6000.0,6.0,4800.0,2.0,1800.0,2.0,1800.0,2.0,2400.0,,,Saturday,November,2024-11-09,16.1,5.0,0.0,12.8,1.3,91,46
2024-11-11,,,14,22.0,21400.0,7.0,7000.0,6.0,4800.0,2.0,1800.0,2.0,1800.0,5.0,6000.0,,,Monday,November,2024-11-11,21.3,12.9,6.3,21.0,10.8,92,72
2024-11-12,,,9,11.0,11300.0,5.0,5000.0,3.0,2400.0,2.0,1800.0,1.0,900.0,1.0,1200.0,,,Tuesday,November,2024-11-12,19.9,10.2,0.0,19.6,8.7,93,63
2024-11-13,,,15,30.0,28600.0,9.0,9000.0,8.0,6400.0,3.0,2700.0,3.0,2700.0,4.0,4800.0,3.0,3000.0,Wednesday,November,2024-11-13,18.9,13.2,0.0,17.6,11.6,81,52
2024-11-14,,,15,25.0,25000.0,9.0,9000.0,8.0,6400.0,5.0,4500.0,3.0,2700.0,2.0,2400.0,,,Thursday,November,2024-11-14,18.1,11.7,0.4,17.6,9.7,86,62
2024-11-15,,,24,52.0,51100.0,20.0,20000.0,13.0,10400.0,7.0,6300.0,4.0,3600.0,9.0,10800.0,,,Friday,November,2024-11-15,18.6,13.7,8.2,19.5,13.3,97,78
2024-11-16,,,10,24.0,22900.0,6.0,6000.0,6.0,4800.0,4.0,3600.0,3.0,2700.0,4.0,4800.0,1.0,1000.0,Saturday,November,2024-11-16,18.7,13.2,0.3,19.1,11.9,89,70
2024-11-18,,,11,17.0,15900.0,5.0,5000.0,5.0,4000.0,3.0,2700.0,2.0,1800.0,2.0,2400.0,,,Monday,November,2024-11-18,17.3,9.3,2.6,14.4,4.4,82,52
2024-11-19,,,2,3.0,2800.0,1.0,1000.0,1.0,800.0,,,,,,,1.0,1000.0,Tuesday,November,2024-11-19,11.1,6.2,0.0,8.0,1.8,68,48
2024-11-20,,,14,27.0,25800.0,9.0,9000.0,6.0,4800.0,3.0,2700.0,3.0,2700.0,3.0,3600.0,3.0,3000.0,Wednesday,November,2024-11-20,7.7,4.8,2.4,5.1,1.6,91,69
2024-11-21,,,1,2.0,2000.0,1.0,1000.0,,,,,,,,,1.0,1000.0,Thursday,November,2024-11-21,12.8,7.9,7.1,12.5,5.1,96,84
2024-11-22,,,20,37.0,35100.0,12.0,12000.0,8.0,6400.0,7.0,6300.0,4.0,3600.0,4.0,4800.0,2.0,2000.0,Friday,November,2024-11-22,16.6,6.2,0.0,16.1,4.3,100,61
2024-11-23,,,2,4.0,3900.0,1.0,1000.0,1.0,800.0,1.0,900.0,,,1.0,1200.0,,,Saturday,November,2024-11-23,14.4,7.4,0.0,9.9,4.8,74,33
2024-11-25,,,3,5.0,5800.0,2.0,2000.0,1.0,800.0,1.0,900.0,1.0,900.0,1.0,1200.0,,,Monday,November,2024-11-25,12.3,4.8,0.0,10.0,1.7,78,51
2024-11-26,,,18,33.0,30600.0,10.0,10000.0,11.0,8800.0,5.0,4500.0,3.0,2700.0,3.0,3600.0,1.0,1000.0,Tuesday,November,2024-11-26,13.5,3.7,5.7,12.3,0.8,97,61
2024-11-27,,,23,36.0,33700.0,10.0,10000.0,10.0,8000.0,6.0,5400.0,3.0,2700.0,3.0,3600.0,4.0,4000.0,Wednesday,November,2024-11-27,18.5,9.0,39.2,18.9,6.6,100,56
2024-11-28,,,14,17.0,16100.0,6.0,6000.0,3.0,2400.0,3.0,2700.0,2.0,1800.0,1.0,1200.0,2.0,2000.0,Thursday,November,2024-11-28,15.7,7.3,0.0,13.6,5.0,85,37
2024-11-29,,,24,57.0,53900.0,18.0,18000.0,14.0,11200.0,9.0,8100.0,8.0,7200.0,7.0,8400.0,1.0,1000.0,Friday,November,2024-11-29,13.8,5.1,0.0,11.1,2.5,77,41
2024-11-30,,,2,3.0,2800.0,1.0,1000.0,1.0,800.0,,,,,,,1.0,1000.0,Saturday,November,2024-11-30,14.5,4.6,0.0,12.1,2.0,77,41
2024-12-02,,0,3,5.0,4400.0,1.0,1000.0,2.0,1600.0,1.0,900.0,1.0,900.0,,,,,Monday,December,2024-12-02,15.2,6.4,0.0,14.4,3.6,90,61
2024-12-03,,0,21,28.0,26900.0,8.0,8000.0,7.0,5600.0,4.0,3600.0,3.0,2700.0,5.0,6000.0,1.0,1000.0,Tuesday,December,2024-12-03,15.1,5.5,0.0,14.0,3.4,97,64
2024-12-04,,0,2,3.0,2700.0,1.0,1000.0,1.0,800.0,1.0,900.0,,,,,,,Wednesday,December,2024-12-04,15.5,7.7,0.0,13.8,5.3,89,57
2024-12-05,,0,12,17.0,16100.0,4.0,4000.0,4.0,3200.0,3.0,2700.0,2.0,1800.0,2.0,2400.0,2.0,2000.0,Thursday,December,2024-12-05,14.3,7.7,1.2,12.8,5.9,91,55
2024-12-06,,0,30,74.0,71700.0,22.0,22000.0,13.0,10400.0,9.0,8100.0,8.0,7200.0,10.0,12000.0,12.0,12000.0,Friday,December,2024-12-06,14.7,4.1,0.0,12.5,1.4,84,44
2024-12-07,,,3,6.0,6600.0,2.0,2000.0,2.0,1600.0,1.0,900.0,1.0,900.0,1.0,1200.0,,,Saturday,December,2024-12-07,10.3,4.5,1.7,7.9,1.1,81,50
2024-12-09,,,19,27.0,26400.0,8.0,8000.0,6.0,4800.0,4.0,3600.0,2.0,1800.0,6.0,7200.0,1.0,1000.0,Monday,December,2024-12-09,10.8,3.0,0.0,7.1,-0.5,70,42
2024-12-10,,,11,14.0,13000.0,3.0,3000.0,4.0,3200.0,2.0,1800.0,2.0,1800.0,1.0,1200.0,2.0,2000.0,Tuesday,December,2024-12-10,12.4,4.6,0.0,9.1,1.1,73,40
2024-12-11,,,22,42.0,41100.0,11.0,11000.0,8.0,6400.0,7.0,6300.0,2.0,1800.0,8.0,9600.0,6.0,6000.0,Wednesday,December,2024-12-11,11.8,3.5,0.0,9.3,-0.0,78,48
2024-12-12,,,15,23.0,22500.0,8.0,8000.0,5.0,4000.0,3.0,2700.0,2.0,1800.0,5.0,6000.0,,,Thursday,December,2024-12-12,9.2,2.2,0.0,4.4,-1.7,61,34
2024-12-13,,,21,38.0,37200.0,13.0,13000.0,10.0,8000.0,7.0,6300.0,3.0,2700.0,6.0,7200.0,,,Friday,December,2024-12-13,8.2,0.5,0.0,5.5,-3.0,83,51
2024-12-14,,,1,2.0,2000.0,1.0,1000.0,,,,,,,,,1.0,1000.0,Saturday,December,2024-12-14,10.4,1.7,0.0,5.5,-2.9,81,31
2024-12-16,,0,17,25.0,24300.0,7.0,7000.0,5.0,4000.0,4.0,3600.0,3.0,2700.0,5.0,6000.0,1.0,1000.0,Monday,December,2024-12-16,11.1,1.3,0.0,8.4,-2.1,80,41
2024-12-17,,0,22,30.0,28800.0,10.0,10000.0,7.0,5600.0,6.0,5400.0,2.0,1800.0,5.0,6000.0,,,Tuesday,December,2024-12-17,11.8,1.4,0.0,9.1,-1.7,82,44
2024-12-18,,0,3,4.0,3900.0,1.0,1000.0,1.0,800.0,1.0,900.0,,,1.0,1200.0,,,Wednesday,December,2024-12-18,11.1,1.6,0.2,7.9,-1.4,88,35
2024-12-19,,0,17,24.0,22300.0,6.0,6000.0,8.0,6400.0,4.0,3600.0,3.0,2700.0,3.0,3600.0,,,Thursday,December,2024-12-19,7.5,2.8,2.8,3.8,-0.8,72,42
2024-12-20,,0,20,47.0,44700.0,17.0,17000.0,12.0,9600.0,7.0,6300.0,4.0,3600.0,6.0,7200.0,1.0,1000.0,Friday,December,2024-12-20,9.9,1.1,0.0,7.1,-2.7,76,35
2024-12-21,,0,12,26.0,25900.0,10.0,10000.0,6.0,4800.0,4.0,3600.0,3.0,2700.0,4.0,4800.0,,,Saturday,December,2024-12-21,14.2,1.3,0.0,10.7,-2.6,84,42
2024-12-23,,0,18,25.0,24100.0,6.0,6000.0,5.0,4000.0,4.0,3600.0,3.0,2700.0,4.0,4800.0,3.0,3000.0,Monday,December,2024-12-23,10.0,1.7,0.0,7.0,-2.8,62,26
2024-12-24,,0,15,30.0,28600.0,9.0,9000.0,8.0,6400.0,3.0,2700.0,3.0,2700.0,4.0,4800.0,3.0,3000.0,Tuesday,December,2024-12-24,10.6,0.9,0.0,6.6,-2.9,75,28
2024-12-25,,0,18,27.0,25900.0,7.0,7000.0,7.0,5600.0,4.0,3600.0,3.0,2700.0,5.0,6000.0,1.0,1000.0,Wednesday,December,2024-12-25,10.0,2.8,0.0,6.7,-1.7,72,36
2024-12-26,,0,16,22.0,21400.0,7.0,7000.0,5.0,4000.0,3.0,2700.0,1.0,900.0,4.0,4800.0,2.0,2000.0,Thursday,December,2024-12-26,13.2,2.9,0.0,10.6,-0.8,80,40
2024-12-27,,0,26,56.0,56300.0,20.0,20000.0,15.0,12000.0,9.0,8100.0,6.0,5400.0,9.0,10800.0,,,Friday,December,2024-12-27,9.8,3.7,0.0,6.4,0.2,67,34
2024-12-28,,0,5,9.0,8600.0,4.0,4000.0,2.0,1600.0,1.0,900.0,1.0,900.0,1.0,1200.0,,,Saturday,December,2024-12-28,9.4,-0.3,0.0,5.8,-3.9,70,31
2024-12-30,,0,12,23.0,22200.0,7.0,7000.0,5.0,4000.0,4.0,3600.0,2.0,1800.0,4.0,4800.0,1.0,1000.0,Monday,December,2024-12-30,9.4,2.7,0.0,5.9,-1.7,65,35
2024-12-31,,0,12,15.0,14500.0,4.0,4000.0,6.0,4800.0,2.0,1800.0,3.0,2700.0,1.0,1200.0,,,Tuesday,December,2024-12-31,12.7,0.8,0.0,9.9,-1.9,85,41
2025-01-01,,,14,27.0,25400.0,7.0,7000.0,6.0,4800.0,4.0,3600.0,4.0,3600.0,2.0,2400.0,4.0,4000.0,Wednesday,January,2025-01-01,11.0,4.1,0.0,6.7,-1.1,52,21
2025-01-02,,,13,20.0,19400.0,6.0,6000.0,4.0,3200.0,2.0,1800.0,2.0,1800.0,3.0,3600.0,3.0,3000.0,Thursday,January,2025-01-02,12.9,1.6,0.0,10.0,-2.5,65,29
2025-01-03,,,33,68.0,65500.0,19.0,19000.0,19.0,15200.0,8.0,7200.0,5.0,4500.0,13.0,15600.0,4.0,4000.0,Friday,January,2025-01-03,6.1,2.4,2.2,3.6,-1.1,89,63
2025-01-04,,,3,5.0,4400.0,1.0,1000.0,2.0,1600.0,1.0,900.0,1.0,900.0,,,,,Saturday,January,2025-01-04,8.1,0.5,0.0,4.0,-3.2,98,27
2025-01-06,,,2,4.0,3900.0,1.0,1000.0,1.0,800.0,1.0,900.0,,,1.0,1200.0,,,Monday,January,2025-01-06,8.3,0.2,26.6,6.0,-3.1,98,59
2025-01-07,,,15,20.0,18700.0,6.0,6000.0,6.0,4800.0,3.0,2700.0,2.0,1800.0,2.0,2400.0,1.0,1000.0,Tuesday,January,2025-01-07,11.1,4.2,0.0,9.1,1.7,92,51
2025-01-08,,,14,18.0,17200.0,4.0,4000.0,5.0,4000.0,3.0,2700.0,1.0,900.0,3.0,3600.0,2.0,2000.0,Wednesday,January,2025-01-08,9.4,1.5,0.0,5.8,-2.8,72,38
2025-01-09,,,2,4.0,3900.0,1.0,1000.0,1.0,800.0,1.0,900.0,,,1.0,1200.0,,,Thursday,January,2025-01-09,10.5,-0.5,0.0,7.1,-4.2,76,34
2025-01-10,,,21,54.0,52700.0,18.0,18000.0,10.0,8000.0,7.0,6300.0,4.0,3600.0,9.0,10800.0,6.0,6000.0,Friday,January,2025-01-10,7.5,-1.8,0.0,2.1,-6.4,59,28
2025-01-11,,,2,4.0,3900.0,1.0,1000.0,1.0,800.0,1.0,900.0,,,1.0,1200.0,,,Saturday,January,2025-01-11,9.3,-0.9,0.0,5.4,-4.6,72,33
2025-01-13,,,9,15.0,13800.0,5.0,5000.0,5.0,4000.0,2.0,1800.0,2.0,1800.0,1.0,1200.0,,,Monday,January,2025-01-13,10.9,0.9,0.0,7.0,-2.1,84,34
2025-01-14,,,18,35.0,33800.0,11.0,11000.0,7.0,5600.0,5.0,4500.0,3.0,2700.0,5.0,6000.0,4.0,4000.0,Tuesday,January,2025-01-14,10.5,-1.3,0.0,8.1,-4.9,87,53
2025-01-15,,,10,13.0,12500.0,4.0,4000.0,3.0,2400.0,2.0,1800.0,1.0,900.0,2.0,2400.0,1.0,1000.0,Wednesday,January,2025-01-15,12.0,-0.4,0.1,9.8,-3.0,92,43
2025-01-16,,,15,30.0,29200.0,10.0,10000.0,7.0,5600.0,4.0,3600.0,2.0,1800.0,6.0,7200.0,1.0,1000.0,Thursday,January,2025-01-16,6.1,0.9,0.0,2.8,-3.5,74,41
2025-01-17,,,22,42.0,39100.0,12.0,12000.0,14.0,11200.0,6.0,5400.0,5.0,4500.0,5.0,6000.0,,,Friday,January,2025-01-17,6.5,0.2,0.0,1.0,-4.1,77,37
2025-01-18,,,11,25.0,24000.0,7.0,7000.0,6.0,4800.0,3.0,2700.0,3.0,2700.0,4.0,4800.0,2.0,2000.0,Saturday,January,2025-01-18,7.9,0.9,0.0,4.4,-4.2,62,39
2025-01-20,2,6,19,28.0,26700.0,7.0,7000.0,7.0,5600.0,4.0,3600.0,3.0,2700.0,4.0,4800.0,3.0,3000.0,Monday,January,2025-01-20,13.0,4.5,0.2,11.4,1.8,95,57
2025-01-21,,,2,4.0,3700.0,1.0,1000.0,1.0,800.0,1.0,900.0,,,,,1.0,1000.0,Tuesday,January,2025-01-21,11.7,5.4,0.2,9.3,2.5,94,53
2025-01-22,,,8,15.0,14300.0,5.0,5000.0,4.0,3200.0,2.0,1800.0,1.0,900.0,2.0,2400.0,1.0,1000.0,Wednesday,January,2025-01-22,12.2,2.3,0.0,8.2,-1.5,82,30
2025-01-23,,,2,3.0,3000.0,1.0,1000.0,1.0,800.0,,,,,1.0,1200.0,,,Thursday,January,2025-01-23,11.9,1.3,0.0,9.7,-2.2,87,50
2025-01-24,3,7,22,46.0,44300.0,15.0,15000.0,10.0,8000.0,7.0,6300.0,4.0,3600.0,7.0,8400.0,3.0,3000.0,Friday,January,2025-01-24,13.0,3.6,2.7,10.2,-0.0,87,41
2025-01-25,,,9,20.0,19200.0,6.0,6000.0,5.0,4000.0,2.0,1800.0,2.0,1800.0,3.0,3600.0,2.0,2000.0,Saturday,January,2025-01-25,6.3,4.4,1.2,3.4,0.2,86,46
2025-01-27,,,14,25.0,23400.0,8.0,8000.0,7.0,5600.0,3.0,2700.0,3.0,2700.0,2.0,2400.0,2.0,2000.0,Monday,January,2025-01-27,8.7,0.3,0.0,4.8,-3.2,77,35
2025-01-28,,,9,13.0,12500.0,4.0,4000.0,3.0,2400.0,2.0,1800.0,1.0,900.0,2.0,2400.0,1.0,1000.0,Tuesday,January,2025-01-28,11.6,2.0,0.0,8.8,-1.2,71,44
2025-01-29,,,3,4.0,3900.0,1.0,1000.0,1.0,800.0,1.0,900.0,,,1.0,1200.0,,,Wednesday,January,2025-01-29,12.3,1.8,0.0,7.2,-0.9,76,12
2025-01-30,,,21,38.0,37100.0,9.0,9000.0,7.0,5600.0,6.0,5400.0,3.0,2700.0,7.0,8400.0,6.0,6000.0,Thursday,January,2025-01-30,11.1,-0.1,0.0,7.1,-4.1,66,21
2025-01-31,,,13,32.0,30500.0,10.0,10000.0,7.0,5600.0,5.0,4500.0,4.0,3600.0,4.0,4800.0,2.0,2000.0,Friday,January,2025-01-31,12.6,1.8,0.0,7.5,-2.9,52,17
2025-02-01,,,15,32,29800.0,11.0,11000.0,8.0,6400.0,4.0,3600.0,6.0,5400.0,2.0,2400.0,1.0,1000.0,Saturday,February,2025-02-01,11.3,1.2,0.1,7.5,-1.8,65,28
2025-02-03,,,14,23,23900.0,10.0,10000.0,5.0,4000.0,5.0,4500.0,2.0,1800.0,3.0,3600.0,,,Monday,February,2025-02-03,8.7,2.9,0.0,6.6,-0.1,94,61
2025-02-04,,,1,2,1800.0,1.0,1000.0,1.0,800.0,,,,,,,,,Tuesday,February,2025-02-04,9.0,1.4,0.1,4.8,-2.7,91,29
2025-02-05,1,2,15,22,20600.0,7.0,7000.0,5.0,4000.0,5.0,4500.0,3.0,2700.0,2.0,2400.0,,,Wednesday,February,2025-02-05,7.7,-0.9,0.3,3.5,-4.2,64,22
2025-02-06,,,9,17,19000.0,6.0,6000.0,5.0,4000.0,4.0,3600.0,2.0,1800.0,3.0,3600.0,,,Thursday,February,2025-02-06,8.3,-0.8,0.0,4.4,-5.5,55,24
2025-02-07,,,16,35,32900.0,13.0,13000.0,8.0,6400.0,6.0,5400.0,3.0,2700.0,2.0,2400.0,3.0,3000.0,Friday,February,2025-02-07,7.4,-1.6,0.0,4.1,-6.1,51,23
2025-02-08,,,3,5,4400.0,1.0,1000.0,2.0,1600.0,1.0,900.0,1.0,900.0,,,,,Saturday,February,2025-02-08,7.7,-0.6,0.0,1.9,-6.4,47,20
2025-02-10,,,15,20,19100.0,7.0,7000.0,5.0,4000.0,3.0,2700.0,2.0,1800.0,3.0,3600.0,,,Monday,February,2025-02-10,9.8,-0.5,0.0,6.8,-4.4,62,20
2025-02-11,,,4,8,7600.0,3.0,3000.0,2.0,1600.0,1.0,900.0,1.0,900.0,1.0,1200.0,,,Tuesday,February,2025-02-11,9.0,0.4,0.0,3.2,-3.7,65,24
2025-02-12,,,16,29,27400.0,10.0,10000.0,7.0,5600.0,5.0,4500.0,3.0,2700.0,3.0,3600.0,1.0,1000.0,Wednesday,February,2025-02-12,11.9,-0.4,0.1,7.9,-3.9,77,41
2025-02-13,,,13,17,15600.0,6.0,6000.0,6.0,4800.0,2.0,1800.0,2.0,1800.0,1.0,1200.0,,,Thursday,February,2025-02-13,11.0,3.0,0.7,8.2,-2.3,90,22
2025-02-14,,,18,38,35700.0,11.0,11000.0,11.0,8800.0,5.0,4500.0,4.0,3600.0,4.0,4800.0,3.0,3000.0,Friday,February,2025-02-14,13.5,1.5,0.0,9.8,-2.5,52,19
2025-02-15,,,11,24,23000.0,8.0,8000.0,7.0,5600.0,2.0,1800.0,2.0,1800.0,4.0,4800.0,1.0,1000.0,Saturday,February,2025-02-15,13.3,4.0,0.0,9.6,-0.1,72,27
2025-02-17,,,19,37,34700.0,13.0,13000.0,10.0,8000.0,4.0,3600.0,5.0,4500.0,3.0,3600.0,2.0,2000.0,Monday,February,2025-02-17,14.7,4.3,0.5,11.7,-1.4,74,30
2025-02-18,,,13,23,21800.0,8.0,8000.0,5.0,4000.0,3.0,2700.0,3.0,2700.0,2.0,2400.0,2.0,2000.0,Tuesday,February,2025-02-18,8.8,0.7,0.0,3.9,-4.8,40,15
2025-02-19,,,12,22,20500.0,8.0,8000.0,7.0,5600.0,3.0,2700.0,2.0,1800.0,2.0,2400.0,,,Wednesday,February,2025-02-19,7.4,0.1,0.0,1.6,-5.4,45,14
2025-02-20,,,9,12,11300.0,4.0,4000.0,3.0,2400.0,2.0,1800.0,1.0,900.0,1.0,1200.0,1.0,1000.0,Thursday,February,2025-02-20,9.7,0.4,0.0,5.1,-3.9,38,12
2025-02-21,,,18,35,32900.0,10.0,10000.0,8.0,6400.0,7.0,6300.0,4.0,3600.0,3.0,3600.0,3.0,3000.0,Friday,February,2025-02-21,9.5,0.0,0.0,5.3,-4.8,46,14
2025-02-22,,,3,5,4400.0,1.0,1000.0,2.0,1600.0,1.0,900.0,1.0,900.0,,,,,Saturday,February,2025-02-22,7.9,1.5,0.0,4.2,-2.9,44,20
2025-02-24,,,9,16,15400.0,5.0,5000.0,3.0,2400.0,2.0,1800.0,2.0,1800.0,2.0,2400.0,2.0,2000.0,Monday,February,2025-02-24,8.4,0.3,0.1,3.1,-3.7,51,16
2025-02-25,,,12,18,17900.0,7.0,7000.0,5.0,4000.0,3.0,2700.0,2.0,1800.0,2.0,2400.0,,,Tuesday,February,2025-02-25,11.8,2.1,0.0,8.5,-2.6,54,16
2025-02-26,,,15,19,18000.0,7.0,7000.0,5.0,4000.0,2.0,1800.0,2.0,1800.0,2.0,2400.0,1.0,1000.0,Wednesday,February,2025-02-26,16.9,3.4,0.0,13.2,0.5,59,14
2025-02-27,,,11,15,14000.0,4.0,4000.0,4.0,3200.0,2.0,1800.0,2.0,1800.0,1.0,1200.0,2.0,2000.0,Thursday,February,2025-02-27,15.0,4.6,0.0,12.3,0.1,58,18
2025-02-28,2,8,20,50,48300.0,13.0,13000.0,11.0,8800.0,8.0,7200.0,3.0,2700.0,8.0,9600.0,7.0,7000.0,Friday,February,2025-02-28,15.8,4.1,0.0,13.3,0.4,74,36
2025-03-01,,,8,19,17900.0,6.0,6000.0,5.0,4000.0,3.0,2700.0,2.0,1800.0,2.0,2400.0,1.0,1000.0,Saturday,March,2025-03-01,19.5,6.7,0.0,16.5,4.0,71,31
2025-03-03,,,2,4,3700.0,1.0,1000.0,1.0,800.0,1.0,900.0,,,,,1.0,1000.0,Monday,March,2025-03-03,14.3,1.3,29.5,13.3,-2.5,100,68
2025-03-04,,,2,3,2700.0,1.0,1000.0,1.0,800.0,1.0,900.0,,,,,,,Tuesday,March,2025-03-04,5.5,-0.1,6.7,1.9,-4.2,98,53
2025-03-05,,,3,5,4400.0,1.0,1000.0,2.0,1600.0,1.0,900.0,1.0,900.0,,,,,Wednesday,March,2025-03-05,8.0,0.5,17.0,6.0,-4.2,95,84
2025-03-06,,,13,25,23400.0,7.0,7000.0,7.0,5600.0,5.0,4500.0,3.0,2700.0,3.0,3600.0,,,Thursday,March,2025-03-06,10.2,5.6,1.2,5.9,0.5,90,46
2025-03-07,,,4,10,9600.0,3.0,3000.0,2.0,1600.0,1.0,900.0,1.0,900.0,1.0,1200.0,2.0,2000.0,Friday,March,2025-03-07,9.0,2.3,0.1,3.9,-3.1,54,34
2025-03-08,,,11,19,18100.0,5.0,5000.0,4.0,3200.0,3.0,2700.0,2.0,1800.0,2.0,2400.0,3.0,3000.0,Saturday,March,2025-03-08,5.4,0.9,5.7,2.6,-2.6,100,55
2025-03-10,,,2,3,2800.0,1.0,1000.0,1.0,800.0,,,,,,,1.0,1000.0,Monday,March,2025-03-10,12.8,1.3,0.0,11.5,-2.1,78,40
2025-03-11,,,13,25,23300.0,6.0,6000.0,8.0,6400.0,4.0,3600.0,3.0,2700.0,3.0,3600.0,1.0,1000.0,Tuesday,March,2025-03-11,11.9,4.3,1.7,10.7,1.4,94,69
2025-03-12,,,6,11,10100.0,3.0,3000.0,4.0,3200.0,2.0,1800.0,1.0,900.0,1.0,1200.0,,,Wednesday,March,2025-03-12,14.4,6.5,15.8,13.7,4.9,100,77
2025-03-13,,,3,5,4400.0,1.0,1000.0,2.0,1600.0,1.0,900.0,1.0,900.0,,,,,Thursday,March,2025-03-13,18.9,8.3,0.0,18.2,7.2,98,49
2025-03-14,2,7,18,44,41100.0,16.0,16000.0,13.0,10400.0,6.0,5400.0,5.0,4500.0,4.0,4800.0,,,Friday,March,2025-03-14,16.6,6.4,0.0,15.3,2.1,60,31
2025-03-15,,,15,27,25400.0,8.0,8000.0,7.0,5600.0,3.0,2700.0,5.0,4500.0,3.0,3600.0,1.0,1000.0,Saturday,March,2025-03-15,11.3,4.3,1.3,8.7,1.2,97,42
2025-03-17,,,8,11,11100.0,4.0,4000.0,4.0,3200.0,2.0,1800.0,1.0,900.0,1.0,1200.0,,,Monday,March,2025-03-17,14.6,4.9,0.6,12.1,0.4,100,30
2025-03-18,,,1,2,2000.0,1.0,1000.0,,,,,,,,,1.0,1000.0,Tuesday,March,2025-03-18,10.7,2.7,0.8,8.1,-0.3,88,39
2025-03-19,,,10,19,18000.0,4.0,4000.0,4.0,3200.0,4.0,3600.0,2.0,1800.0,2.0,2400.0,3.0,3000.0,Wednesday,March,2025-03-19,8.5,1.4,29.2,4.0,-3.7,100,51
2025-03-20,,,4,5,4600.0,2.0,2000.0,1.0,800.0,1.0,900.0,1.0,900.0,,,,,Thursday,March,2025-03-20,12.0,1.8,0.0,10.1,-1.8,89,40
2025-03-21,,,22,48,45000.0,12.0,12000.0,12.0,9600.0,7.0,6300.0,5.0,4500.0,3.0,3600.0,9.0,9000.0,Friday,March,2025-03-21,15.3,3.0,0.0,13.3,0.4,97,53
2025-03-22,,,9,15,14200.0,4.0,4000.0,4.0,3200.0,2.0,1800.0,2.0,1800.0,2.0,2400.0,1.0,1000.0,Saturday,March,2025-03-22,20.5,4.5,0.0,19.8,2.4,80,44
2025-03-24,,,20,34,33900.0,12.0,12000.0,9.0,7200.0,7.0,6300.0,4.0,3600.0,4.0,4800.0,,,Monday,March,2025-03-24,18.4,8.8,0.2,17.6,7.4,94,58
2025-03-25,,,11,21,19800.0,7.0,7000.0,5.0,4000.0,3.0,2700.0,3.0,2700.0,2.0,2400.0,1.0,1000.0,Tuesday,March,2025-03-25,22.4,10.1,0.1,22.2,8.9,94,46
2025-03-26,,,14,22,20500.0,6.0,6000.0,7.0,5600.0,3.0,2700.0,2.0,1800.0,2.0,2400.0,2.0,2000.0,Wednesday,March,2025-03-26,23.9,14.7,0.0,24.2,12.3,81,36
2025-03-27,,,2,4,3700.0,1.0,1000.0,1.0,800.0,1.0,900.0,,,,,1.0,1000.0,Thursday,March,2025-03-27,21.5,10.8,0.0,21.9,9.5,83,54
2025-03-28,1,5,33,74,68900.0,25.0,25000.0,20.0,16000.0,12.0,10800.0,9.0,8100.0,5.0,6000.0,3.0,3000.0,Friday,March,2025-03-28,24.7,14.4,11.2,27.0,12.5,96,58
2025-03-29,,,1,2,1800.0,1.0,1000.0,1.0,800.0,,,,,,,,,Saturday,March,2025-03-29,12.9,4.4,11.9,10.0,1.8,88,62
2025-03-31,,,11,21,19400.0,5.0,5000.0,7.0,5600.0,4.0,3600.0,2.0,1800.0,2.0,2400.0,1.0,1000.0,Monday,March,2025-03-31,7.5,4.2,2.2,3.9,0.7,85,51
